sex	indiv
male 	AW_365326
male 	AW_365327
female 	AW_365335
female 	AW_365336
male 	AW_365337
male 	AW_365338
male 	AW_366487
female 	AW_366488
male 	AW_366490
female 	AW_366493
female 	AW_366494
female 	AW_366498
female 	AW_366499
unknown	AC_1603_72852
unknown	AC_1603_72872
unknown	AC_1713_89780
unknown	AC_1873_10093
unknown	AC_1873_10702
unknown	AC_1873_10717
unknown	AC_1873_10752
unknown	AC_1873_10831
unknown	AC_1873_20908
unknown	AC_1873_20930
unknown	AC_1873_20934
unknown	AC_1873_20946
unknown	AC_1873_20954
unknown	AC_1873_20970
female	AW_365339
male	AW_366497